,country,Hydro inside basin,Tot.Generation
0,Albania,5267.982666666668,9439.400333333333
1,Montenegro,1499.4986666666662,5941.947333333332
2,N.Macedonia,443.33333333333337,6717.500666666668
